{
    "loss": 44.86408615112305,
    "accuracy": 0.5686274766921997
}